Breed,Name,Size,FurColor,EyeColor,Gender
Без породы,женский
Турецкий ван,мужской
Мэнская,женский
Абиссинская,мужской
Рэгдолл,женский
Шотландская вислоухая,мужской
Мэнская,мужской
Норвежская лесная,женский
Сфинкс,мужской
Американская короткошерстная,мужской
Норвежская лесная,мужской
Сиамская,женский
Британская короткошерстная,мужской
Американская короткошерстная,мужской
Мэнская,женский
Бомбейская,мужской
Бирманская,женский
Норвежская лесная,мужской
Ориентальная,мужской
Без породы,мужской
Бенгальская,женский
Ориентальная,женский
Бирманская,мужской
Шотландская вислоухая,женский
Мэнская,женский
Турецкий ван,женский
Мэнская,женский
Мейн-кун,женский
Мэнская,женский
Мейн-кун,женский
Американская короткошерстная,женский
Ориентальная,мужской
Сиамская,женский
Турецкий ван,мужской
Мейн-кун,женский
Ориентальная,женский
Норвежская лесная,женский
Британская короткошерстная,женский
Сфинкс,женский
Сибирская,мужской
Турецкий ван,мужской
Сибирская,женский
Ориентальная,женский
Абиссинская,женский
Ориентальная,женский
Бомбейская,женский
Персидская,мужской
Сфинкс,мужской
Ориентальная,мужской
Мейн-кун,мужской
Бомбейская,мужской
Шотландская вислоухая,мужской
Рэгдолл,женский
Сфинкс,мужской
Мейн-кун,мужской
Без породы,мужской
Мэнская,мужской
Без породы,женский
Абиссинская,женский
Персидская,женский
Бенгальская,женский
Норвежская лесная,мужской
Персидская,женский
Американская короткошерстная,женский
Норвежская лесная,женский
Рэгдолл,мужской
Американская короткошерстная,мужской
Саванна,мужской
Шотландская вислоухая,женский
Сибирская,мужской
Без породы,женский
Абиссинская,мужской
Сфинкс,женский
Мейн-кун,мужской
Сфинкс,женский
Бенгальская,женский
Сибирская,женский
Саванна,мужской
Турецкий ван,мужской
Турецкий ван,женский
Сиамская,мужской
Персидская,мужской
Шотландская вислоухая,мужской
Мэнская,мужской
Мэнская,мужской
Турецкий ван,женский
Персидская,мужской
Абиссинская,женский
Без породы,мужской
Персидская,женский
Американская короткошерстная,мужской
Русская голубая,мужской
Рэгдолл,женский
Сиамская,мужской
Бирманская,мужской
Абиссинская,женский
Американская короткошерстная,мужской
Без породы,мужской
Мэнская,мужской
Турецкий ван,женский
Американская короткошерстная,женский
Рэгдолл,женский
Мейн-кун,женский
Саванна,мужской
Сиамская,мужской
Без породы,женский
Норвежская лесная,мужской
Абиссинская,мужской
Турецкий ван,мужской
Ориентальная,женский
Саванна,женский
Шотландская вислоухая,женский
Ориентальная,мужской
Мейн-кун,мужской
Британская короткошерстная,мужской
Норвежская лесная,мужской
Персидская,женский
Персидская,мужской
Бомбейская,женский
Русская голубая,женский
Мейн-кун,женский
Британская короткошерстная,мужской
Абиссинская,женский
Абиссинская,мужской
Сиамская,женский
Сфинкс,мужской
Сфинкс,мужской
Рэгдолл,мужской
Мэнская,женский
Турецкий ван,мужской
Шотландская вислоухая,женский
Бенгальская,мужской
Бомбейская,мужской
Бенгальская,мужской
Бирманская,мужской
Турецкий ван,мужской
Абиссинская,женский
Рэгдолл,мужской
Американская короткошерстная,женский
Сиамская,женский
Сфинкс,женский
Ориентальная,мужской
Сиамская,мужской
Мэнская,мужской
Без породы,мужской
Ориентальная,мужской
Бирманская,женский
Шотландская вислоухая,мужской
Персидская,мужской
Персидская,женский
Бирманская,женский
Рэгдолл,мужской
Саванна,женский
Бирманская,мужской
Сибирская,мужской
Британская короткошерстная,женский
Абиссинская,мужской
Сиамская,мужской
Мейн-кун,мужской
Бенгальская,женский
Без породы,мужской
Турецкий ван,мужской
Турецкий ван,мужской
Бенгальская,женский
Сиамская,женский
Рэгдолл,мужской
Рэгдолл,женский
Турецкий ван,женский
Саванна,мужской
Рэгдолл,мужской
Шотландская вислоухая,женский
Персидская,мужской
Русская голубая,женский
Саванна,мужской
Турецкий ван,мужской
Абиссинская,мужской
Персидская,женский
Абиссинская,мужской
Бенгальская,женский
Персидская,женский
Рэгдолл,мужской
Ориентальная,мужской
Без породы,женский
Американская короткошерстная,женский
Шотландская вислоухая,мужской
Сибирская,женский
Норвежская лесная,женский
Американская короткошерстная,мужской
Британская короткошерстная,женский
Британская короткошерстная,женский
Американская короткошерстная,женский
Американская короткошерстная,женский
Норвежская лесная,женский
Персидская,женский
Абиссинская,мужской
Русская голубая,мужской
Мейн-кун,мужской
Без породы,женский
Персидская,женский
Американская короткошерстная,женский
Шотландская вислоухая,мужской
Саванна,мужской
Ориентальная,мужской
Британская короткошерстная,мужской
Норвежская лесная,женский
Мейн-кун,мужской
Рэгдолл,мужской
Абиссинская,женский
Шотландская вислоухая,женский
Турецкий ван,мужской
Мейн-кун,мужской
Персидская,мужской
Шотландская вислоухая,женский
Персидская,мужской
Сиамская,мужской
Бенгальская,мужской
Ориентальная,мужской
Британская короткошерстная,мужской
Бенгальская,женский
Сибирская,мужской
Шотландская вислоухая,мужской
Бенгальская,женский
Бомбейская,мужской
Саванна,женский
Сибирская,женский
Саванна,женский
Рэгдолл,женский
Мэнская,мужской
Сиамская,женский
Абиссинская,женский
Сфинкс,женский
Шотландская вислоухая,мужской
Сиамская,мужской
Сибирская,мужской
Ориентальная,женский
Сибирская,мужской
Персидская,мужской
Персидская,мужской
Бенгальская,мужской
Сибирская,женский
Сиамская,женский
Норвежская лесная,женский
Бирманская,мужской
Бомбейская,женский
Без породы,мужской
Персидская,женский
Бирманская,женский
Ориентальная,мужской
Мэнская,мужской
Мейн-кун,женский
